Age,Balance,Duration,Campaign,Previous,Subscribed
0.34005129456889044,0.031208200413047615,0.7903718960517113,0.9070484438572655,-1.879915283847653,1
1.1126883749899252,-0.38279565697074713,-1.5223591862178911,1.5391570973174122,-1.1597358129620636,0
-1.92767257934561,2.227593753811295,0.39379729821625153,1.3011641007040189,-0.7768057674832554,1
0.3636318826249679,-1.6193875690628765,-1.252393444413119,0.23343901006259715,-0.814158941426649,0
0.058022734808395225,1.4939462586545347,-0.04282338131157488,2.0231628743259296,-1.7401892489381807,1
-0.8320613048498566,0.4417542136322308,1.991553302204734,2.3585903402439943,0.5178299154129453,1
0.3405892164004968,-0.9729305897717779,0.5514762752395233,2.2090176339428425,1.2365373064576213,0
-0.5388418561927383,-0.6073627101862964,0.26044226333355597,0.20029516791209845,-1.2931674096610388,1
-0.36650702036805183,1.9103361500681288,0.9514492770580866,1.6529604482908367,-0.3841920984212167,1
-0.19090379172729868,-1.2422096250646293,1.804348109786743,0.41253586990921864,-1.314710681461822,0
-1.869816339532164,-0.32481796919282746,0.45060341286253885,-0.9433550545081576,-2.7344038146132537,0
-1.0257526836402773,-0.4653265646528302,0.216624975404619,1.2018077457241685,2.7029839188093745,1
-2.6031370878272986,1.186247587810166,-0.3021805869826214,2.6598417622889983,-2.492533132792823,1
-0.04541121793223822,2.7999712460879866,-0.3871306497895146,1.4621990694403513,-0.18674652881009024,1
-0.218653277435036,1.7091879757093502,-0.4545477187434442,0.6135754943001854,0.6765425127080577,1
1.0706105599791862,0.257368504977314,1.649480894323921,-0.5227863236054368,-1.4687044521084383,0
-0.7582820688875902,1.3281095891877752,0.19502498402812674,1.4933932614722987,-0.9644368478381139,1
-0.4159669279473586,-1.5759666076527745,-0.09662367001488972,-1.3280697730003028,-1.9963460699829403,0
0.08199555641356042,2.2831436496276183,-0.7341737987784958,1.5432268376786573,-0.4463290521135179,1
0.01914777741575206,-0.8654260573253317,0.42588720619303577,1.2914118911953953,-0.8434306795652826,0
-0.712220763649051,1.186504325066118,-0.8810683366612923,0.7385992247783801,1.2400392989074662,1
1.5379319184125528,-1.2439351943163885,0.8187776437548606,-0.12698981286342814,-3.0159723873734325,0
-0.3135296861723979,1.0120585382899598,0.3674816654743044,0.8248377858715009,-1.20478058617363,1
-1.1171864617070024,-1.4443456770218885,-1.9670697035871523,-0.872114149238764,-0.32070984934800584,0
1.9412174364637491,0.4747564522735688,0.6654168236917787,1.13594979301333,1.6965331086640298,1
-1.232523314768509,1.8694404865594487,0.8481742126666681,1.2899193724643077,-0.6064736507694081,1
0.8925973382993092,-0.5519782957491484,-1.9701038177118355,1.2564082958983285,-1.8086446714950455,0
-0.9244659881295544,0.30868797338890896,-1.703871586826719,1.6497880135979621,-1.5500778587643667,1
-0.47949296739924335,1.521881760640235,-0.4430440211284823,0.5827634104494002,-0.14033467218353124,1
0.45768658605355206,-1.207286059432612,-0.6068651778571754,-0.9498845493250213,-0.3210667789080628,0
0.12354769595558233,2.065952195824601,-0.5923559556520536,2.9527014234185183,-1.6784869715617425,1
0.820344012612456,0.9034199579059012,0.2531652380379812,1.18094226031505,-1.3192602544540006,1
-0.234407800316322,-2.6961434986616757,0.2942241290134937,-1.5053667677338423,-1.0693058276041882,0
0.18142662011397137,-1.3394136281848987,-0.4561208274741882,-0.41781907345137137,-1.4842447339551956,1
-1.0710536796490489,-1.363891092033045,1.235782191822154,0.5125233044047196,-0.746095462766719,0
0.1941076309533577,-0.3315487356795773,1.1797252083607102,-0.7433874384471013,-0.9221136892435129,0
-1.3122191934314063,2.2073614539226902,1.0817667276728287,2.9465827406086804,-1.588127875034183,1
0.9184544439424138,1.2487498825128664,0.975816719344709,0.48513068750974553,-1.1152735761121035,1
0.7579218499236196,-1.0422109187601623,-0.7309562757154733,-1.0123096800595743,-1.1583413421224744,0
0.5798572852951321,-0.45736035442876743,-0.12951724686344077,-1.0176386287036265,-2.718382798847423,0
-0.06418817710849775,-0.5188210832480218,-0.19469729611668168,-0.8493459294234972,-0.5708195636250049,0
0.8539759765522237,0.5377822052534326,1.5541604207147741,0.679129207387366,-1.0972861109573409,1
-0.31771509675623405,-0.8207077306166184,-0.375196380323937,0.5761325254542822,-1.7995277195081605,0
1.5232386217122582,2.2258331479786753,1.667224111551137,-0.8839323799173924,0.7259706056495631,1
0.6197114459661363,1.8836186285318186,-1.876552706041874,0.45669671015744306,-0.4241880746711081,1
-0.18452535765584954,0.941976349061763,-0.6243453897132241,2.086313040574269,-1.7669073003430544,1
-0.01208894784605456,-0.7316517382442442,-1.4511756900515589,0.7149498720105991,-2.082394854347708,0
-1.503080301759818,-2.4785494906431222,0.6504500925361392,-1.576779091768465,-1.8948132888289657,0
1.4898634386020821,-2.2310831884795683,-0.22320225463480511,-0.04996879629732209,0.6395950195578037,0
-0.8254105299789551,-1.2897901748239415,-1.085150526557798,0.26481759797831816,-2.4335635062566365,1
0.03444101170584135,-0.5986137229532947,-0.5098066931908826,-0.5767197782644499,1.8230362181520081,0
-0.14896930976729691,-0.12346604684028328,-1.365824155415439,3.011668960649608,0.25703917838519086,1
-1.3659557112005343,-1.126444546947697,0.6835693232004776,1.1113058510674547,-0.1541649249700484,0
-0.7157599891107518,-0.3641992781367631,-0.06717829004935526,1.1174882690357977,-2.2331300289932585,0
-1.0196643386921156,-0.49508476162922754,0.5646059258936003,1.2799374600268756,-1.6634677049704836,0
-0.28313889674376713,0.21093340955528705,-1.1617838439123638,-0.681017132097717,-1.1613125619420166,0
1.32579664754219,-0.9743611463587933,-0.09363618873917084,-1.0041719231211523,-0.6979101482285539,0
0.21471318317052634,-2.4072779743832085,-0.11622904312195817,-1.6258207152603101,-1.258957524285601,0
0.13192796677195706,3.1144789002145417,-0.4118233689636573,-0.3651730421259465,-0.7505714471162412,1
0.6124687940136023,0.4622563063795301,0.756788679986982,0.8251875717858949,-0.7337692589819654,1
0.8545252270666157,-0.8329480551178026,-0.6578345538521371,0.8799790825394145,-2.1480394708385364,1
0.446872500802698,-1.9911208776554652,0.058984221589597374,-1.0435728219196607,1.6291795692719009,0
-0.49190244750620515,0.6423521120477399,1.2000789564268612,0.4296719561323271,-0.4815461045155188,1
-0.7331561971099966,-0.4525016466676657,0.44130715169924584,2.4692973377145515,0.7799773077380825,1
3.109918556005361,-0.2022622392727108,1.9956674897839644,1.7706774182092437,-1.8332652252555133,0
0.7123221595801621,2.350866817759317,-0.40968659262949736,-0.17487428453629805,0.049211871573358934,1
1.190548594343596,-0.5859325021090425,2.1650560678066024,1.3016665802856413,3.4288015642914473,1
-0.03757064497948127,-0.18033852525903415,-0.08923415422144892,-0.7028009563374458,-1.7471652805439772,0
0.664927162301741,-0.18198493581035158,1.5301951988633513,1.53276883925892,2.315106234870397,1
1.8071966436378852,2.4179765716249566,1.4509275482792119,-0.2258119268210066,1.2549716093791345,1
-2.120700152635066,-1.7355666538332937,-2.238231233324972,-1.5950695549841027,-2.4258523227164277,0
-0.9645377949101913,0.9264751405965715,-0.2798103423770061,2.1796605954035773,0.3568150765941984,1
0.7396531517246714,1.2484303499386247,-0.13939720066323416,0.02612860296404218,-0.6034026936010055,0
0.4625912928539512,0.6122993241497037,0.6663125009092119,2.2477201930643043,-3.5492698724386083,0
0.20438903160297678,-1.7146120679013062,-0.5555467794868666,-1.173206179346341,-1.358952724696643,0
1.6850142787085094,1.4767814744572596,1.230874513154735,2.0116009691005976,-1.640228960386148,1
1.4532606633210343,-1.541606836383722,-0.23086637384476896,-0.04288664624853067,-1.3815354596292546,0
-0.4997301761516306,-0.5524293139279814,-2.7475048427252347,-0.85291673292066,-1.3618506711940737,0
0.2927154821418534,0.5293586255568142,-1.2883076174635377,1.076316451046688,1.523345414804509,1
-2.025807873111377,0.10352816398175446,-0.41790954576589057,0.06487829986539573,4.429188584160379,1
0.2658782296520485,-1.8857935407263293,-0.4700421477595015,1.0885267841034,1.4618629016865698,0
0.006799844559997769,-1.8110786696916497,2.0236062192296393,0.5279963900838105,0.15619505740592787,0
-1.2551353719733949,2.246871764353587,-0.4776455826040052,-0.3236106126755278,0.43899930454560276,1
0.32950873557300914,0.34847157481129054,-0.5698329282387588,-0.8557165036739094,-3.0386337068088585,0
-1.342127748485115,1.3529275105071827,1.3995946451457935,1.3662264824153798,-1.3518977467468676,1
1.2189707897936632,-1.2781395134360285,-0.05658848889989584,-0.9642296269683645,-0.5995689584869488,0
-0.0635245746153551,1.616214043759907,-0.8000385643976464,1.6213107857355895,-0.9917094914662821,1
-0.1344967844017327,1.7435090844830037,-0.039307287627631186,1.751960898698603,-1.3294688059383934,1
1.1695899924277735,-1.7155178154566708,1.0473177066214483,0.6096266774002801,-0.04349764769585662,0
-0.6273134459513029,1.8484490683553907,1.1806409124521446,1.3388562645009991,-0.890401430957001,1
2.046862195719558,1.770443513705295,-0.22247489677826537,0.9123626829084832,-0.38282194971362915,1
-0.3078084711388841,-3.499884270290642,0.4086073077017676,-2.0786431836043375,-2.1547716488035475,0
-1.3367254388759306,1.3911491249173729,0.17528677893392386,1.0102614328483648,-0.12906799990358642,1
1.4872461553359273,-0.1925321233754257,0.6820520657126199,1.7845679487071497,-1.3798823154824889,0
-0.25495579355369785,0.9464940797659389,0.5488838353173644,2.0563126206615383,-1.6936853822061706,1
1.4484992298929262,-0.6179836506418048,1.1173988159024608,1.2907637580389362,-1.6559305854260966,0
0.5532512199847837,0.5509638233055238,0.17183933979353122,1.1737885360207039,-1.4539413822927185,1
0.4209729443893898,-1.5552447346742773,0.6988284202025348,0.7755077032496713,-0.17035273531246609,0
0.003375506597160999,3.4993961939993765,-2.6357477390168778,1.6925083030900545,0.2507936596558067,1
0.2514736089405121,-0.9775735919119557,0.38897872935218375,-1.1380654915033968,-1.4897718019538257,0
-0.07566560432583026,1.0848914319029468,-0.07397286359437803,1.2629802403135866,0.5288438835241261,1
-0.9571509148950429,-1.8145132036120746,-0.9637589262106109,1.0897647452299821,1.1574066020789524,0
0.14338846734225108,-1.1924366747556332,-0.36927713924620315,1.1253863325049767,-0.11210018653326626,0
1.7193779062072967,0.10169738153041896,-0.6058608207588934,2.97018358026952,-0.12016282489199293,0
0.7574951493374855,0.9881621731806302,-1.0501407396021456,1.5649442463700733,1.0275875021376955,1
0.5740712208940013,2.455058998523882,1.5898389781806839,0.5675227297045174,-0.5255486539002245,1
-1.6431888111541673,-0.37481209620257483,-0.10325476014904739,1.2447711134900397,-2.2535825821014717,0
-0.062004009366031745,1.2375510370197282,1.2468917155347194,1.7660945908272272,-1.3623863059408967,1
0.2700573583914221,-0.2760782066854577,-1.8206033005485172,-1.0461666893019486,-2.3918758988656874,0
0.3113086734428849,0.891401906505866,0.19729226563120644,0.2285539732246039,-0.9273017396272905,1
0.7426824183597224,-2.3082518993590195,0.07595526791608741,-0.433586506068806,-0.10696145420026926,0
1.4104591452035038,-1.5467857190935912,0.08382662792936094,0.5644558607211462,-2.607842411005187,1
-1.2094769354188053,-1.00318051201111,-0.30085974714082625,-1.0228912539960822,-0.7513587066498221,0
-1.5166425494207911,-2.0820643585197818,0.29562448874709507,-1.4791961062115535,-0.35435550797286275,0
1.340461051790348,-0.9816838524802783,1.673452090298537,1.7906182490873221,0.44144491864920865,0
1.9351540400602292,1.357000825142967,0.5114995753618614,-0.2883243163162279,1.6166921271213734,1
-0.5703513664136806,0.23766881276671858,0.35250496835687956,-0.714297714063189,-0.938259864008649,0
-0.6497652268482671,3.2288678631312253,0.8745170741325226,1.033613931251693,0.8307840690225579,1
1.8972886947731116,-0.285423333993984,1.6957228778108653,1.780828402543822,2.3009464537940296,1
-0.46649537922819795,0.08776557856272138,0.9965705105794472,-0.48039207893641045,-0.8347165007032997,0
1.4816634024625988,0.7994351647014715,-1.0589075870566005,1.4066588935651376,-1.628274508368953,0
0.6082461916849685,-1.092694240428067,-0.9457460606967811,-0.8957572586167615,-1.0208021002710606,0
0.13106518621584873,1.5532149181776074,0.4004813865063287,-0.5624763307093414,1.8230729134502144,1
1.090980425185967,0.20764386941627577,0.38680852068920263,1.4342566314529979,-1.4673864454080543,1
0.01840163078343813,0.04320417403095611,1.7549330716472415,-0.6245808110314994,-1.8937377540466604,0
0.5581395145185063,1.267336114470452,0.04351466864346608,1.4242745323833776,-0.9922943616754816,1
-2.219300372747535,1.3600482072694327,0.08589300629333041,1.8006742538034282,-1.860030004095399,1
1.4558223221467665,1.563362872891858,0.4572804046152411,1.3791665672981748,-1.1611548326464696,1
-0.7666565877833479,-1.5690467618426558,1.9925153531681183,0.08375066217980232,-0.850662195727496,0
-0.03901951937754412,-0.12144930856548442,0.7793490039053323,1.9794855280541097,1.589144495310282,1
1.3305749040390402,0.20371428991785723,-0.7801991291174627,1.1131438673381986,1.3675706816316229,1
1.1401490385212665,-1.8602257673452034,0.49822174849678513,0.08712618709409103,-0.3820719309048193,0
1.6554071130882952,0.5196474013852317,1.0487071264165635,-0.31531121003341045,-0.7071091920235815,0
0.5835443030118876,-0.7530492973528053,1.0417246640588513,-1.0450860216408693,-2.3251384756774924,0
1.5334337012963255,-1.538012238162053,-2.211861911329507,-0.0315942223395711,-1.0701912750442906,0
-0.5321685631271895,1.9333395004537155,-1.2926253471522626,-0.32896419644075725,0.5476845349317353,1
-0.7847619081277034,0.911268853856977,-1.0896330373423884,2.082989547023332,-1.5910348869093036,1
-1.44964521969853,0.07688528624350321,-0.08343796979036086,3.033477673138942,-0.09943651547037546,0
1.472670675750982,-1.6437193914840986,0.8760467925297942,-1.249158034095616,-1.075859866100257,0
0.7890566873755189,-0.5072536037620794,0.7045065398247231,-0.5587842675895116,-0.8125213844697543,1
1.4363354057059785,-0.0827481468166269,1.186734620177331,2.2111454070838956,1.3401529154631335,1
0.12617790366196718,2.5212613585598853,0.6820694900626313,-0.13321622024245405,0.8533177145444625,1
-0.006521315229458062,1.53978052214623,-0.20149153394751798,0.1627487705440973,-0.43746836419023094,1
0.09337237427665124,-1.5566909483456133,-0.12270893359572414,-1.3039787132643774,-2.103178895481964,0
-0.8372624310497003,-0.3216648815180616,-0.5888668267386961,-0.5493564153774384,0.2807450266695799,0
1.6614701657280182,-0.8394019915885935,-0.17585440443207118,1.3354133190742719,-0.5698716972973992,0
0.41960997202411815,-2.1844659259520043,-0.09445871444200275,-1.4008749558522935,-1.451419004374328,0
0.3891591956679287,3.1021159240967022,0.3721054726068629,1.3429942961805725,0.09734929103808021,1
0.39792704994680894,-1.5978095619091564,-1.0325239035275395,0.13191479942201212,-2.68523584028991,1
0.8141517621182666,0.5947682764637291,1.8325570434792018,2.0106094120876925,-1.9370462394334838,1
1.279464931657751,-1.6196600852128218,-0.8638829605897661,-1.1161990431350226,-0.4582010361162022,0
-0.24702570074599667,-1.209515763999386,2.0997217891665154,1.1350081438977448,0.3176230568822269,0
1.2788658133133932,0.7109126251407368,0.22228985580085406,0.04870890463050037,2.7885250644682644,1
1.1373145423647293,2.677929091882627,-1.1533505105959594,-1.3850067980101457,-0.18937647155378645,1
-1.3993061748019415,3.016136202429563,0.49986412374037137,1.0393212762548942,0.2537169006976181,1
0.5697603571986469,0.423802251910973,0.4914294527201998,1.557162585142278,1.3423117478010866,1
0.7505791675217656,0.6527905965879142,-1.5171736966716791,-0.027139252543201486,1.5991815136278156,0
-0.9822940342546795,-0.16752804802200216,0.4535087125544674,-0.8808161913750029,-1.1568830560901242,0
1.2235688824186275,-1.6355180540136853,-0.053120653017545344,-0.4767870187941954,-1.6104486764990178,1
1.2496189052966666,2.0756176600139415,-0.8468509661253646,-0.034892847003059835,0.8129996759692628,1
0.26125053123385605,-0.41079191844330987,1.2119439853864005,2.1197216139650825,-0.5897001262528725,0
2.6930336639804966,-0.07650318186177363,0.18383451632250436,0.27083205424376655,-1.163744108869947,1
0.5517407999109204,-0.9878205913641851,-0.4511588584089988,-1.068593408494296,-2.495714009599236,0
1.321304032273012,-1.8390166923378954,-0.649373038321426,-0.637187081455064,-1.719598000396544,0
0.4751677464953816,0.30463089205510296,1.1038773433162576,3.206653095606941,0.011478176630534076,1
1.7041055162554912,-0.16007856903476614,-0.05240445057746945,1.234020908926852,-1.5491575257624572,1
2.0895387216947734,-1.5614706127646591,-0.835142901630023,0.8257750720782553,-0.04832357390925113,0
1.4891131083282896,0.7078290273715939,0.5055892418358746,1.2710211441783295,2.250389036129201,1
-1.1716543473175618,-0.41765983278585783,0.018819049740598424,1.602372105546799,2.7991062380926843,1
-0.387099702474401,-1.7762180310034776,-1.0917008761393143,0.11005993619262433,-0.528868769609269,0
-0.6028206557839616,-1.8509974726756473,-0.099094300241269,-1.3153260451850128,-1.9469820958858053,0
-1.5648027713620551,-0.07593740593320719,0.3496500472996937,1.3861152954807474,-2.2338668700659126,1
0.46217266608194285,-1.487889131783824,-1.5981243518837476,0.4804446099230568,-0.5741184516224618,0
1.3554428011054958,0.8768454093347962,-0.9162741005637249,0.97953440629105,0.7998336223358019,1
-1.405189846803575,2.1666800955734113,-0.04889718347410554,0.6151677909481215,-0.244765282526208,1
-0.7584953347000695,-0.570488670930692,0.03279699541158651,1.4780775397641357,-0.956060238820578,0
-0.7465783465402389,-0.03435480522634493,-0.20585943088034037,1.1256400928906585,-1.8559513942824348,1
1.0305805856240573,0.0016293405375878978,0.5107920885275947,-0.12510210434818791,-0.9299593517259449,1
-0.04865235157045115,-1.4366572745235562,0.34378788154988543,-0.40740736756902995,-2.975256423478173,0
-1.385987942398998,1.267513072223478,1.9725421767898081,1.0698875144182074,0.4594861290801623,1
-0.45730165508679,0.9383594353772644,1.2374381346841392,1.3948473542625375,-1.1667121654116945,1
0.8297324178791745,-2.3008639814256546,-1.2995812369275976,-0.45561093484962356,0.025195177600866092,0
0.937915537510655,2.5493112466109222,0.1847104747810833,0.5038804976791219,0.46287879284010913,1
-2.4878086565350794,0.8161930773381817,1.4185313451480366,0.17347678080979312,3.0928677686592714,1
1.0075136898369221,0.3197443775091484,-1.8665399513606162,2.8852702737826323,-0.9622907512545953,0
-0.513196364513396,0.031441825706722826,1.2179591523055584,-0.6414110400423501,-1.4553993251334512,0
-1.326472128311083,-0.04477032619670418,0.39069592092814415,1.5718071941323861,-2.1051973900611998,0
0.4430021304473752,-0.43825390436907175,0.041325632270618466,-0.7307076596572933,-0.49668295042822197,0
-0.3780078990182172,0.41250862624482965,-0.8783230771797389,0.7671606521421375,2.6257130997536144,1
1.2446795807367868,0.1892974583399062,2.9490944253087252,1.4830813407069252,-2.22850296794786,1
0.6863184569567008,-2.0621825612643794,-0.4070363129267805,-0.6504714158602736,-1.2052930155976047,0
-0.7094410024275466,-0.015498384542643406,-1.371673697230466,-0.9278768600886823,-2.6480355430670928,0
0.18947982122108065,0.6973052101284263,-1.2804555710024668,1.5094724568503255,0.9952752324200317,1
1.9114190871397234,1.2268867153348837,-1.0708524186844388,0.8153053421696186,1.1727684444762208,1
-2.1056469418403245,2.9783149771916673,0.9778155496862003,-1.3309486182452197,-0.16273815354080456,1
1.3814540786904865,-0.8120137868675069,1.7495839042054206,1.310691692263319,-0.937247449709959,0
1.9532591375265682,-0.9034017179400489,-0.7090209576304904,2.8077335337717315,1.5780985110848058,1
-1.8579014513982872,-0.29662895173624193,0.22899639245934025,0.8470954452219697,2.804134551147383,1
-0.21220896990115168,-0.25945257212522044,0.07203686128374476,-0.5475737083955785,-1.439344026943668,0
-1.405567019178642,-0.5216855638468989,-0.370508098590029,1.0005442675442273,-1.9962705648518964,1
0.547264797377967,1.2641285847523143,0.4818660617184915,-0.14405804878308248,-0.059265420611150144,1
-1.5486182988637467,0.1698226986980541,-0.1767741631157821,1.7054233589411312,-2.1979791546096195,1
-1.2417605754816243,-0.6467692056825299,0.2577525401427507,-0.9229322819016496,-1.1942754215715732,0
1.0235306441853447,1.1299580810263667,0.1566937282465246,1.5457852628927962,0.057789999736736486,1
0.02390304328495547,-0.10490867873572851,0.14488783309689118,1.5599373708856537,-1.693202086488148,1
1.78179890877106,0.7732912494594956,0.7356219972457467,0.9388840831830404,2.8130751301430745,1
-1.097302527632844,-0.5716560423054768,0.2167755637626291,-0.8058007765995576,-1.0021802828661863,0
0.885231482988991,-0.11941593478250234,0.6255080168310357,0.9502424509514382,-1.9928448017400335,1
-2.5322460852196853,-1.135663572692581,0.4359753895000459,1.1512571343906668,3.9333406434279214,1
2.088442772869925,2.0652304108994466,1.0213832954293984,1.0006470047435523,-0.42858215722380355,1
2.3638724946193608,-0.5575871320139758,1.0729780477660118,1.1638559834417834,-1.8977093377531247,0
-0.20447122098612153,1.1315449991528768,0.38632331781156,0.0946740645657117,-0.44023186300058426,1
0.7789365035121141,-2.1255330780098696,0.4395012306202264,1.0819781202735426,2.6495870413513667,0
1.5490201514951873,-0.6387474917751886,0.1018562952619867,1.1053003297298678,-2.00687556399835,0
0.42544486418417227,2.20116796441733,0.18517553682991406,0.3396527609844574,-0.4126277219839454,1
0.849102110743144,-1.8231422097737817,0.6955377575657775,0.0832769864798022,-0.42419192654254556,0
0.4720022709192744,-1.9130569275312466,0.49968511030293383,0.3072432272477059,0.08828562382753802,0
0.04977368718096008,-1.447009316574185,0.5006657213812097,0.6722292622810337,-0.2702525579870303,0
0.5844129804724842,-1.926411607956682,0.10589445311523424,-0.08027997686786503,-0.4408463699268801,0
-1.0150941918278686,-1.603823862009791,1.5805406865683735,0.40962064946709165,-0.03695638652736455,0
-0.36920720044744615,-1.075444538840938,0.8419836954521269,-0.8998218341148909,0.19633424347205852,0
0.9854496856152184,-0.4978649450574788,1.5781180575621845,-0.7751546458273383,-1.044037574914717,0
-0.2739930818293042,0.2824468099146682,1.5628887685081978,1.0598339195646387,-1.499272266800189,1
0.3099989831655551,-0.18137425851858635,-0.1858457521927473,-0.7495470299100837,-1.2172669795705335,0
0.26028050658288615,-1.6762038510022492,-0.413465161123276,-0.32879097925855194,-1.8990319883389022,0
-0.07722104522304557,2.6045202066075346,-0.6073544332122114,-1.9614700782100853,2.647350549649028,1
-0.5309708978119645,2.2682810077863866,1.9870611116994412,1.3479807719173282,-0.07844467708844138,1
-0.8484286341908146,-0.4871320205827223,-0.03143917037477642,0.10891021524286792,-1.8169946888206894,1
0.40429475496169764,-1.5669162503788217,0.4367385517335095,0.09578443658067326,-0.9441151211825004,0
1.7586204841951334,3.381431454964671,0.2806364044901364,2.569753360446218,-0.8203796320531941,1
0.996858773465808,2.5714643611418406,1.4641772387524374,2.682984680000403,-1.8780508487204328,1
-0.5892716517893062,0.8828770550624618,-0.002403840918853844,0.5407953951992306,1.6665779420086477,1
-0.3020454994898642,0.023696498513916864,0.6791427754381955,0.6504548222170017,-1.815493786453719,1
-1.0211624575603002,0.3728557329623221,0.9515497705740428,-0.4225905379960124,-1.213275691156879,0
-0.24852861807444937,-1.1419337199407913,0.23402445435314795,-1.17329821813061,-2.1681532680828086,0
-0.9040682897360003,2.1256705989829774,0.19613145902390733,0.4577420761649186,0.7074434726195349,1
-0.9266983088473107,1.83076400445375,-0.41299782214343406,-0.17172567431008012,0.5211483742278726,1
0.8301918118626102,0.8387575050705632,-0.772659445270824,1.4294606918014259,1.3123095048872184,1
-0.8028244439508423,0.6499092976870889,-1.5769964821909972,1.0877698894046108,1.0217515982178949,1
-0.16563141031763223,2.3507996328110434,-0.5938114080687051,-0.3076281420540623,0.3905821758856022,1
1.6259589153620633,-1.2568675545627377,1.904136589573007,-1.09807214496148,-1.7714026264422178,0
0.487872284871074,-1.0663129623377217,-0.6414869090443096,0.8415975572808949,-0.728530335255295,0
0.22054142701386686,0.8689310632396761,-1.10486279306252,-0.2610928427376499,-0.5388430611458517,0
2.052972024501663,-0.03729958083693674,-2.929448690002268,1.5814415209674895,2.402548756702603,1
-1.5457297866907331,-1.2407131565345937,0.9137716213855857,2.7392931344458393,2.6371671880876693,1
1.7473631979155582,0.8785590656806925,-0.9489165208248372,-0.5717064924390287,-2.388883465689772,0
-0.5495402745955349,2.103734511433183,0.9153902755601617,1.4282765595784745,-0.5709455828903856,1
0.40865281148067084,-1.4495394502449495,-1.77623523289832,0.35544973639473276,-0.8538735734862898,0
0.9788580507817954,-1.4949296733246218,1.7388996637975789,0.9711361043616351,0.5045090287131171,0
1.7952113559123222,-1.587228163560987,-0.3206676255571917,-0.3630635542153384,-2.0794925300982383,0
0.6227112239002686,-0.5125022278684581,-1.1306153349375263,-0.2551510257536074,-1.1043385488974222,1
0.17775010626803134,0.5216139089136425,-0.5258796758952039,0.27477636744625056,1.7615988431490972,1
-0.6500239344068982,-0.5475851897310714,-1.496529255090079,0.34810019890473276,-3.752196578932685,0
0.2873289044030093,-1.9878797937075103,-0.28744751940035557,-1.1335939330573532,1.2761014237159283,0
-0.8950698422766047,0.9963414951655051,-1.1755946056248516,0.3131345934878864,-0.9363312078787206,1
0.4512253193185082,0.5375554787324496,0.9003985883950636,2.057365805702795,2.6279838630441192,1
0.4215866106144557,-1.6149332026125829,0.6659242520544614,0.23032914955503214,-0.6094329033113361,0
-0.1590452104000513,-0.4880819828848707,2.218780233448134,-0.3397889953043547,1.6880140696926862,0
-1.276304416538336,-0.35134029315200865,0.5737444210044131,2.0589756056759336,3.845447020307238,1
1.532367724678116,-0.7601322891842088,-0.8184286659420014,0.8184811007382626,-1.659258466871088,1
-0.09884520123930605,2.696542295030576,0.19548173155329082,0.2529426251308964,-1.5786241146716073,1
-0.56060763684731,0.6592565171443344,-0.12765468151819012,1.2460712532491007,0.11330626768561525,1
0.15175799224874037,-0.07193106955293538,-0.31984752325484395,2.3206481835919712,-0.767250564531397,0
0.0341524174880246,-1.4172105607058982,-0.6757080791616118,0.5724824897982053,-1.0693499473467405,0
-2.128734094414812,1.1587993243731156,0.0785770297191498,0.9562939870051673,0.9154040210122192,1
0.7760279138434754,-0.6310720007471914,-1.317131919946585,-0.5582392208743,1.5528072434375155,0
-1.1738799644089726,0.17710378518118097,-0.581782033392054,1.73270489668514,2.269348443595843,1
-0.6619821777966091,-0.3114767069032288,0.18970616761039566,1.2249799296788493,-2.321646793586778,0
-1.1476913898156673,-0.9693661863299936,0.32405702822156063,-0.671974525741976,-0.23480495083120878,0
-0.3212427661179117,-1.0540213949932662,1.7388513518533313,0.25299127657488607,-2.3368554943121738,1
-1.167779551267935,-1.1942193297482262,1.4769344261182744,-1.32954094323813,-1.9077613706110452,0
1.5337277099164992,-1.6389862367742634,-0.6292633936927887,-0.36952447911040287,-2.016533960431867,0
-1.7518288067517191,-1.2253702640951403,-1.1543626682329844,-0.9892124355370927,-1.1444466754560065,0
-0.9455068799427312,-0.14758847475821368,1.676393027208203,1.7464948365771842,1.9959595492022437,1
-0.6163614080394775,-0.08254450141633551,-1.2601647651725802,1.707541850638495,-2.3098991000457367,0
-0.2346205699574138,1.0115512047157817,0.8584511166566653,1.039368660482921,-1.0127695738646936,1
0.24395319790850026,-1.2423165198082986,0.1733416643704082,1.140015461108129,0.2602037014539884,0
0.4547409121411344,-0.3620650052580019,-0.03361256470371301,-0.2952142296081506,-0.705668453480301,1
-0.535316712567659,0.984488861460473,0.4961991873633163,1.2626789222519426,0.3590934769433123,1
0.6929186230316111,-1.6352212287071883,-1.3386057997232488,0.5719587573804226,0.35983017476526014,0
-1.7476365098282616,0.34802675590947696,1.7120402840178925,1.7295508492629432,1.8683957150904305,1
-0.45209033283308037,-1.7366074015163568,0.8823330623234091,1.1049874889368951,1.5244945787727473,0
1.197246923645228,-0.1603227312749117,0.42548993324023027,-0.5956520049413526,-0.2645544189714313,0
0.501782736167545,-0.5968159182630288,0.1600182258527877,1.3877035043466917,-1.761392846462198,0
0.7719201548366751,1.1384934701276508,-0.17280173739646437,1.2520225190316792,0.8739293493585487,1
-2.049941278577478,0.5664727357291581,0.714609790636618,-0.4345270726536532,-0.5959616982368938,0
-2.2168188393540644,2.4203228798529155,1.2795186697601588,-0.3369312972652201,0.7925162883004659,1
0.5576910607251245,-0.8586012003235152,1.2816437950037687,1.3318857025037427,-0.9189318779832141,0
-1.3554475031122892,-0.44974011106615763,-1.7938924978678903,2.9351039856459353,1.3927773163994865,1
-2.4932708203300775,3.019876709803961,0.5027448074908146,-0.5909545689564186,-1.4419648409508259,1
1.7963608229269636,-0.3695591711181905,0.5027844268951942,1.6167962870962644,1.7461511629412632,1
0.29815846599052565,0.21593413876666767,0.6032475005713938,2.1161771118893604,1.3542846855689261,1
-0.3409078773460798,0.3536895648373569,-0.5193963718261266,1.3671338506460118,1.3465806499577027,1
0.5156280884439565,-0.9778523669492528,0.9753124584779789,-0.7565465842446035,0.08853034254533543,0
-0.8627757640431206,-2.2297071387094567,-0.47883745600840416,0.5431074598146415,1.6937082879069218,0
0.18474057889572446,-0.7562728768489796,-1.6076610271180587,1.7754018383761148,-0.3580803405693642,0
2.8684030556667683,1.3060412245777795,0.012499321907250335,-0.31714211762484257,1.8893427082965473,1
1.192507512477975,-1.6945998192382383,0.6802161054504494,-0.0752184684285706,-0.9766778836578591,0
1.4436320034688142,-0.9359179491380445,-0.493122822399772,-0.17931865900510324,-1.6860061218074875,1
-0.2515388860444957,-1.1617354607985395,0.7833905092825955,-0.3693117707536717,-3.4129389124210996,0
0.4631847952675847,3.233469611896327,0.2965755451407618,1.2067510291124988,0.3179809923395147,1
-0.7557915001583629,-1.58036749156987,-0.1942691319785193,-1.065645427189751,-0.22708121976337348,0
0.6683404887180808,1.166275796375421,0.5987943895619102,1.1713115591649754,-1.0487801331897133,1
0.21128369227947272,0.24119176931837383,-0.6067002947652967,-0.10810664141900617,-0.502994645745473,1
-0.2634482160822491,-2.5943752336662573,0.0953441994413082,-0.20260675179918808,-2.8274313033397345,1
0.4243939378610126,0.976002295146354,-0.7955570679408823,1.4850068540385348,1.283706549006176,1
0.6897078052451944,-1.1375114012711605,-1.2922626951056186,1.3519978307381513,-0.06876700955211623,0
0.271495310825648,-1.3812311704407756,1.0176614668435024,1.4430032802618558,0.7855760392098114,0
0.34233783448962146,-1.6824750238865613,-0.33513778117145177,0.9170990937294813,-3.128129015671217,1
1.0587285298838789,0.5423833784766282,-1.6685992588781953,1.348965821455511,0.4260407343215007,1
0.48387665118803974,-0.9361709028806096,-0.5312142946075985,-1.0780576893889406,-1.7311148479076612,0
0.10435593752321293,-0.46750333446384584,1.617212574968624,1.6906656517909933,-0.8150902350856631,0
-2.100026507651624,-0.2452696061115338,0.3676492929914216,0.4833865095941724,-1.0296852273115775,1
1.52100622715938,1.3941380281481264,0.46667098196608103,-0.1624026520175872,-0.5530662618548259,0
-1.0753123930492379,0.4169469319406831,-1.2070216478572156,0.9143710920294913,1.2456756306467651,1
0.07814306296964744,1.4647277004064194,-0.8162172445419648,0.7537142337335598,-0.2547117155269196,1
1.5192839236417688,0.22437422132685592,-0.9077561801469204,0.7174563852701761,-1.2489883757556388,1
-0.39568071175626385,0.7308983404500609,-1.2021495260760888,-0.20794986055510334,-0.34714508236237274,0
-0.6355578414044034,0.0755111427852222,-0.11676591579524663,0.5567733168710709,-1.3464533165719499,1
-0.3574454228104272,0.8118473964862101,-0.19003903500149447,2.142452761054905,-4.099103868167692,0
0.5221425459339358,-0.9249355192536847,0.9784221120280351,-1.1300889106784218,-1.198851549575599,0
-1.6312758154609455,-0.8206563002959634,-1.0385438208439723,-0.7319496011726536,0.6718108762537967,0
-0.3084827884558197,-0.16338395650348292,-0.21701705042437042,0.7542238928267246,-1.5877118466228821,1
0.7214793237573432,1.4032968708338451,-0.7353034606819523,1.5030843438779475,0.11214974714181569,1
1.8876876573401904,0.004486361506663261,-0.41360553342164424,-0.6120167266284355,-0.9551223081271376,0
0.17682087213939798,-0.8803446954588936,-0.7217375533372533,0.727453187793013,-1.9115830182365494,0
-0.9539394193966448,-0.31970647223930015,0.014273067836434106,1.198442145111879,-2.609382498414405,0
-0.23052462518025083,-1.2347099581629284,-0.7179188907476018,-1.0363438965419982,-0.7992823422074972,0
0.10575379127148042,-1.3745013655777458,0.9113627221747217,-0.9274970056661964,0.3490026916569309,0
0.03003147916408217,-0.32056041737676244,-0.8617030702562581,2.703574494361829,1.0334212370351503,1
-1.1482632887526183,-2.180523764469831,0.8113965544915921,-0.06856137764949666,0.2653166482742937,0
0.13429649724779288,1.3792627061938596,1.1701987091966037,0.3051506483416139,1.5445078451826584,1
0.47004418736820214,-0.25453779336396376,0.4322629506341555,-0.7662655088395369,-2.529553098717509,0
0.5820265670847269,2.087803111464604,-0.6967718184295749,2.1658618908135407,-1.2269773560187505,1
-0.9379255765363989,0.3834916756401403,0.33855287628591424,0.4617761640185184,1.2257340193895059,1
-0.5639474880582432,-0.21650048758156482,1.105900424357309,0.8300149415548839,2.34988846238367,1
0.8595878869798019,1.9487789201609211,-0.5495571359085801,0.47246835078861815,0.5141592371487314,1
-1.100154232971695,-1.7848228539087578,-0.5583017539460305,-0.4654162240699449,-1.9088094665073183,0
-1.7858664919341112,1.0242744102240582,0.5731278132412001,1.5168963933153345,-1.5899156435046335,1
0.31965182591897723,-0.9559184680313391,-1.7785875840065168,2.084187002831322,0.8128679014067952,0
1.0269862633197322,2.828994548991523,0.2125740306322149,-0.18432401547744037,-0.41683269600878337,1
-0.048088507330772585,0.8396032856105816,0.8155010224442626,1.3358190532927534,0.766590824372605,1
0.44947391283230687,0.935005836554898,-1.1818741254208012,0.6810287813358926,1.616102552155481,1
-1.5473039889383655,-0.9041116968100531,0.486036289417637,-0.9503605368521172,-1.8124592507922683,0
-1.46752526575244,-0.9180487960682644,-1.2391070756539009,0.8124128934490265,-1.480123238546198,0
-0.5846177306571996,-0.378064589212175,-2.0870270186020687,-0.8730165769987771,-1.8755521350320263,0
-0.3519213178165091,-0.14759616611929172,-0.48720292119492714,1.1810976167509233,-1.8630983112747281,1
0.04600274725327412,-0.361370741391982,-0.23811043631205406,1.361766406580958,1.430378380794896,1
-2.832155598110569,-0.6719713029703023,-1.5193460754768424,-0.7090222611463183,0.23610249039182318,0
1.6284685547723217,1.2916108232693162,-0.9647054257507148,0.6066642502369175,0.3756067148086384,1
0.9553005582377528,-0.46696684537833943,-0.8892408282283243,-0.842435037808425,-1.0169927596359174,0
-0.8043157596599924,0.23320383782001852,0.6295295842218108,0.5175487719065222,-0.5965251035006515,1
2.3200407220172594,2.979336024576412,1.1218578562304709,-0.6297571548402292,-0.6627816535944417,1
0.4559041951707027,-0.6735027167478811,-0.6065033882157397,-0.8185838492744554,-0.3043991467625988,0
-1.3971181851129912,-0.5699862042981373,-1.28716356858425,-0.7894133671122977,-1.0137760401232097,0
-0.5482872964906009,-0.5462125699541309,-0.15589817793666752,1.0858148003537507,-2.1722890632815277,0
-0.8729610904537004,-0.061156647225701466,-0.21566763754763232,2.337519296226047,0.5977140214211731,1
0.8764556455029355,0.8812470756917545,-2.1523835446091804,0.327922650834802,1.6740460056273303,1
-0.19646658342809717,0.2636938187445167,-0.5164296438875717,1.5592817355002717,-1.94535242108567,1
-2.9911359709007233,-1.102075098867375,0.08520944963390106,-1.0562923927485846,-1.5339569451722426,0
-0.5293321124483709,-0.052856059769366914,-0.09338685889994829,-0.587334211389537,0.2558906134995087,0
0.15697296096843422,-0.9054064688080233,0.6102161695892225,-1.2024258055800865,-1.9925913885110362,0
-1.3260476860820383,-0.850705926456063,-0.35976864578908574,1.5644492922031734,-0.24321325996379095,0
1.1013229577357622,1.1834065622773182,0.4441983272906719,0.497864005196864,1.1406587309865228,1
-0.6775646523356551,-1.4711969404253764,-1.7258067287905967,-0.33311589407021436,-1.9924937542954448,0
-0.4711246518178786,-1.4668739376941973,1.0826910538870733,-1.1130654346895654,0.2834677786944597,0
0.8333339117803071,-1.1828510520282718,-0.5482687949250771,-1.091995085600957,-2.133894333060341,0
-1.0513099116393445,2.0925914541548924,-1.8316822472060261,-0.20193181775840996,1.0176564948558957,1
-0.4853058353678683,1.0417441342876332,-0.742484232538384,1.4642840759909914,-1.3713393099869289,1
-1.9196731561976563,2.2063227045275564,0.02538842054241018,1.378121141161666,-0.5250709742199638,1
-0.3920126399191296,-2.2577301208096534,0.6934789119139937,-0.6252558327002724,-0.5411980406653278,0
0.06934433703625043,-1.1026710976252223,0.20726732939894396,0.5708826258885568,-1.1379923556228433,0
1.0971527117536957,-1.2534239207486757,-2.1533429198712444,0.4408419150498737,-1.4230148291779088,0
-0.9175028210142636,-0.5986801909719195,-1.1225448062444139,1.099469379195197,-2.42115113837246,0
-0.29983819627488056,-1.1436205849009304,-0.24338397937501807,-0.9948951233033985,-0.23733978615146445,0
-0.6122367345077503,1.025173480171054,-0.33130838318332273,0.74542287503362,-0.9650931464173892,1
-0.2716551103260533,-1.2554108815121685,-0.5466800845872654,0.5118222081340332,-0.9935156669224355,0
-0.573601772896901,-1.3445645705876514,-0.3540407109410238,-0.2273054680901534,-2.5293503078735533,0
0.651136241823657,-0.40840740048526936,-0.9958153947902291,0.7350921179695733,-2.5407159886938926,1
0.8876554258738361,-1.965278686312031,0.5345056484805503,0.8850430378311178,1.79967251128198,0
-0.08152267310164589,-1.7173441718401712,-0.5041798310076715,-0.01808375305068033,-0.8554455954190017,0
-0.13699548944245826,-0.5758407605485669,0.6789312900592783,2.9245809812794574,0.9664357250119784,1
0.8872908372667421,-2.4626123599844956,0.8691560643892732,-1.467007851660803,-1.6747305067250793,0
3.9262377064363267,-2.0108113406066734,0.5082686396745896,-1.4010979366946055,-1.0238695732335161,0
0.4632885301181062,0.8743020490777408,0.41486550036191044,2.041218145005831,-1.919798399548771,1
-0.6582484123338483,-2.1079511219019285,-2.4883273534129895,-1.4839248150288553,-0.5625868877913749,0
-0.8318222082304447,-0.7478324180044474,-0.9161919154812425,1.9362442421601436,-0.65895339158475,0
-0.4030759890650308,2.9553713223791833,-0.6749340187905523,0.04586251686521914,-0.6110313894157975,1
0.41644603810145264,1.8141815544202138,-0.36146276669398575,1.2074754189533583,-0.9941078900026601,1
-1.1896666590903613,1.2576053537272904,-0.6353623888256293,-0.07038792350552248,0.7349091502922178,1
2.98525900260341,0.6568876719352298,0.17521141890851205,2.42151106077338,-2.2859077157411587,1
1.631856899089109,1.0857547568975394,0.20232879642280202,-0.2295613744840097,-1.4709034420223497,0
-1.1062935124116342,-1.5725407374179756,1.1356201471829441,-1.2153855203198787,-0.7500288344305899,0
1.3863493972628433,-0.3252755467244166,1.1535903433169254,1.6608539791834986,2.032098747507285,1
1.8180619225578247,-0.7614314089421916,-0.7330329955239894,-1.0862013448921382,-1.7840719246688543,0
1.23000057271915,1.983012159204097,-1.0263692076658921,0.23432067185462302,-0.9778887122532318,1
0.35845361820962024,-0.14258828525614953,-0.5353350870162231,-0.7549990566622012,-1.921437165760019,0
1.0383788510193166,-2.2475414737868675,-0.5835993263460049,-1.187696469883914,0.8881610988811814,0
-1.2932729578711637,-0.626761788424307,0.7197579421481819,1.5299581362059156,-1.486986624493547,0
-0.6897277740641738,0.7884740992416746,-0.01383774609423725,1.7185144700382189,-1.9560650478339419,1
-0.8049664808525608,0.7795715561705796,-0.1115088271429437,1.2006879749284907,1.5347079081723263,1
-0.5336003064391669,1.2451293240739147,0.5002404694365699,2.4258452330400715,-1.7137162917041087,1
-0.8966422273152082,0.7736147636257107,-0.11066536855732945,-0.5199829217837472,-2.996847635993703,0
1.2958717818630143,0.11355787845016896,0.09806753953894455,-0.7627482005201943,-2.363854434508591,0
-0.0007085945766459172,-0.5827394613802765,-0.31305803052315434,2.051377006987323,-0.05743963831742427,0
-0.9823035803773146,1.6646021813759335,-0.05390484900573916,0.8759261001642658,0.19687045998758423,1
-1.2961166642498945,1.019096392127717,-0.7699960661974573,0.36734039080247305,-0.5362916969553562,1
0.23940450053537707,-2.561349952557368,-0.580053241370043,-0.8635397573957206,-0.2356695377416279,0
-0.21804589539237385,0.5574476837504263,1.80930634973311,0.6831276275797746,-0.7049873486532352,1
-0.15083771156669531,4.578949435869342,-0.46580556911816284,3.1129998166841863,0.1276396415511225,1
-1.148794035158656,-0.798268045304291,0.6793732829565033,1.0417703443384518,-1.4014840537148292,0
1.4015985929464294,-2.3583785985583092,0.4183982208886837,-0.3438867354778865,0.15691219468459172,0
1.3845320475939062,0.2836142073120582,0.2525688459966235,1.7857560906243268,1.1565938891847165,1
0.4663583744463345,-0.14362850880166778,-0.23401985910698136,1.9941803107844147,-1.57698866296561,0
-0.05020461704174478,1.5368608548292004,-0.29967664800678706,0.737591627640216,-0.32963679032123416,1
-0.2666523292344148,-0.04634161756997246,-1.423957152450145,2.4787326981686437,-0.9998847837965115,0
-0.25885440036983165,-0.14216161272126016,1.223083067095325,-0.8240587585718344,-0.9947547952627294,0
-0.6946003691631446,-0.21817701723344662,-0.45909031021899177,-0.811423776020325,-1.0755300877927698,0
-0.7837535211244283,-1.1440772254812994,-0.2885486958757048,-1.4001853090189718,-3.0441507554181677,0
0.3687331473175197,1.3915754445510746,0.48206672733538614,1.0576046724508368,-0.43576184949073093,1
-0.7282722024066131,1.7044854447586375,0.5059655534558652,0.3681842818164155,0.023046162690499084,1
-0.6603211394734471,-1.942308472318457,0.007063158628176452,-0.20132943315946283,-0.8263417701900835,0
0.6687416555925126,-0.9248111350114119,-0.005596018829046555,1.2060116235491325,-0.5960988206796489,0
-0.4114931445621802,0.48375362453910853,0.07268052432934134,-0.5948360401323421,-3.358598976650899,0
-2.1305664798072006,-1.1509588365969303,0.14125714008746323,-1.1190468467268155,-1.8129373638172157,0
-0.6004235657387051,-1.6454223482166603,1.4196030045136372,0.0341216626906099,-0.7484441777243077,0
0.23070090571868349,-0.17565152483985558,0.020886488295961788,2.617391235877707,-0.46420515953795394,0
0.44921872128503426,0.10053611977489285,0.19042388992505774,-0.7212922355612463,-2.214509318184389,0
-0.5244481362626519,-0.30298947428977807,-1.6566232076777738,2.172285117681862,2.227342820978598,1
0.9242701395378298,-0.3810699501586372,0.32782117284308526,0.27658940874565874,-1.052490194452153,1
-0.28487549336967083,0.24960261127574424,-0.4911537471421047,0.5881308013350057,-0.7983783722406708,1
-0.3340772309799405,-0.7780229120200377,1.1243533598705027,1.8599506935150103,-0.023670750342278724,0
0.4620608932518965,-0.4210156407995401,-0.46440426230938764,1.4321446726206166,-1.903847218037065,0
0.05119790188108534,0.9627690570095818,0.04522270899998256,0.24652283732187474,1.7133480452343153,1
-1.2549226680022925,-0.6398881925986162,1.0074439731951985,3.1732406626199046,1.3796594870695071,1
-0.6121669171548207,-0.08703730565480039,-0.4835614838465371,-0.7097135882831107,-1.1082280431153866,0
-0.9797212247168068,1.498338905163584,0.4581681147886987,2.00206685786889,-1.1584937374140494,1
-0.06863404608546861,-0.4829815061685605,-1.9122549754197768,-0.8413648483939578,-0.7891316128327118,0
-1.3224579567435701,3.9344033902168025,-1.3510743662080213,1.5633289017734375,0.4398603318069869,1
-1.6304732437151401,-1.1260822656287663,-0.18689615816198485,-1.0633769273304592,-1.0236871401396974,0
-0.23655528721894603,0.6256779882989416,0.9321915642603847,-0.49689350586747394,-1.3897377641320792,0
-1.962625691672579,2.2179112086537858,-1.008554684076208,2.1294694052537664,-1.3210153124185302,1
-0.9483480042242007,0.3100478499667304,0.5972282182533848,0.7468708110680026,-1.1676837193614569,1
0.9413105807674833,1.1657578988116875,0.19063559126502433,1.282295384001051,-1.4044704519148152,1
1.5634133588321082,0.3887076278051773,-0.35141423571373254,0.5891074411749936,-1.1401813694644551,1
-1.0040545968420103,-0.5970891941615963,0.34980002456790754,1.2127390728013072,-2.3581813556115914,1
-0.92951086019241,-0.14008164950379343,-1.8461878622380938,2.348608426770269,-0.8555397463443177,0
-1.879924385139045,1.5667730165978742,-1.5859833122379583,0.9737524024085622,-0.019003891371253134,1
-0.2440804736742013,1.2864785309623292,-1.0166831285764972,1.7385969851064438,-1.368622153267701,1
-0.07159925185806683,-0.9240980884601766,-0.29396694766418224,1.7230183742090484,0.05357214916620734,0
0.054934110999848726,0.8055638195595328,-1.2457173764463845,1.4087809813817493,-1.5010478329056933,1
0.8451579711843216,-0.023625205434536944,-0.2788833941507565,1.3195771663871718,-2.3664642498646637,1
1.0450884740847535,2.2802718679639082,0.24930859564172886,1.620450766748971,-0.2045424036773671,1
0.5723903111756757,-1.6969842917030413,-1.2931415437586478,-1.1579926852321385,-0.1484464037649761,0
0.38961417737090387,1.6122675827881428,1.8709651753717822,2.1513977642695052,-1.3520491610399037,1
0.6256309336460009,1.2348283760984835,0.5522999376795232,0.8029825388191894,-0.5503406362080767,1
-2.1272274203514954,-1.1019538308706003,0.8467707752164937,-1.1527860029155856,-0.5663012134444023,0
-1.8800100339077637,1.2479316152968556,-1.5350402475323597,0.8467501667915653,-0.9215985595448273,1
-0.33078922432755736,-1.436308791823207,-1.1036698285303692,-1.4444185274292254,-1.8604145811356216,0
0.5142547560178349,-1.2384868690714488,-1.5311075025557221,0.8384194596537647,-0.6597171815092828,0
-0.6769951384585313,2.592730716012855,-0.952316380738797,0.12050652473852463,-0.2607154302686443,1
0.24650477843200488,-0.007438621789628508,-1.111457956937032,2.059545780155715,-1.4545200843192498,0
0.8260471714415063,-0.6500626897575587,-0.1314725956716678,1.7246813452722174,-0.15625092246249006,0
-0.5152183938082427,2.1599136433182218,-1.0105982199289134,-0.4708701308348697,0.9729718733084094,1
1.5905820726178503,0.8939840357686883,-0.28438464960650933,1.4676570308526684,0.34908926120478334,1
-0.336254738681072,0.07634923283660644,1.1590740649558977,-0.44662771181780503,0.9001454703389875,0
1.0237095461069814,1.0469090592571206,2.012270445700765,0.3835436596420758,-0.3122379786559286,1
-0.4081008391602206,-1.8555522820308483,-0.8953463223630241,0.671070766555033,-2.617053357986973,1
0.4826878872092127,1.3625721002292306,0.9218015019772522,0.4848189141059359,-0.26053880412062824,1
-1.2585049106753345,-1.5338101097319572,-0.7095798547491726,-0.5731019325204874,-1.1653472648437353,1
-0.6905410523162594,-1.5012793949774417,-0.7837656655863965,0.40683288158250697,-0.7728931758200195,0
0.606850593215671,-0.3060953545559406,0.4200944904518413,1.033634917033708,-2.0827858876547616,1
0.7774073527645112,-1.109967883268075,1.205994516546816,-1.297053298705991,-3.3723762392706047,0
1.2571492168625729,-0.2486980128788041,-0.4500128579958137,-0.748208231308267,-2.8023519530361303,0
-1.1410085097527383,3.4393977526321478,0.6954024745502987,-0.6319672467647333,0.5976286012863972,1
1.2723535001067678,-0.633305192621622,0.26402008133367,-1.0563685603273747,-2.1230591134278702,0
0.47240627788037737,0.13972076509792108,-0.9564363768180087,1.8046805641861678,-2.4584190885503086,0
0.6045153263553668,-1.3304749478081517,-1.2504077339697175,0.5529953849746567,-1.3519892490936687,0
0.5225141052657575,-1.020869533555007,-0.8304444065565653,0.9994214998956121,-0.5895425009932748,0
0.224216404290793,-1.588099003545544,-0.5865312695639355,-1.0920744756114433,-0.09690190471426685,0
0.4182057558879721,-0.12453840925308945,0.4258436586298291,1.4552573576029781,2.1709699725089653,1
-0.24268127681203333,1.5120919101786061,0.7060789138151315,1.1431666632718571,0.7542780836165147,1
0.10940847183297006,-3.8775729234228833,-1.2374266382225725,-1.9688455918223378,0.13933521079200517,0
0.32159321133923857,-0.6923380763769962,-1.514470309180767,-0.7749101310644156,0.17230275399528638,0
0.1998104337187135,-1.9122495175078225,0.543479378670093,-1.3640801811149665,-1.8475257053825738,0
-0.2880388739220764,2.5949037319507253,-0.6277339060845056,0.2508873779073455,-1.4657965915825102,1
-0.35802937974698623,-2.7290572124420596,0.4912076654119963,-1.503055729482051,0.9392917574474287,0
-1.8831502080585838,0.9300341689849979,0.7127120288613313,1.6602767571146315,1.7539162776474515,1
-0.3570292008066094,-1.7732129642267764,-1.5178737466808094,-0.030846593618757412,-0.8387533583080623,0
2.067906338163552,-0.28651534271474555,-0.19793772898468187,2.8308369032153475,0.8182073374526294,1
-0.37630072492499606,0.36117198404483597,1.088769654216672,2.0274923798119318,0.9055234316810391,1
0.9022771737866472,1.8939061919635272,0.015618333949603047,0.225735607073706,0.09164551484768002,1
0.07748051851886253,-0.16800034526817187,-0.9519184600222356,-0.6614856992664255,-0.8837526482758941,0
1.3289333195354096,2.132133808956323,0.6220699903060487,0.8726850999613742,-0.09718868322328411,1
-1.2575778589146163,-1.8366716878156237,-0.8108575112103382,-0.34978332516011545,-1.291867051879722,0
-0.5574230531083212,0.7665667087680141,0.5950294658355647,0.8070048115081657,-1.0603442670644556,1
0.3161559571827783,3.179143378116601,0.3350580290841175,1.4069600467125194,0.14623115230756767,1
-0.6315777291653314,1.6670035347771366,0.8953554307625996,0.20939017301786256,-0.08935485342783367,1
1.494938227453236,-1.150935499003341,-1.7312013034449254,-0.9765484296253935,-0.09266063410868952,0
1.503419828428999,0.6363011329122445,-1.5614932224418594,1.9561240278322787,1.6058055625706538,1
0.3278795241593574,2.9459622536828913,-0.12545426000290022,2.2351062666500403,-1.027849573320346,1
1.2358116200069387,-1.2029315062970602,-1.1165244399486591,0.8046598196920312,-0.5490583664146991,0
1.8486088332964115,-2.612010875496349,0.6855077387902041,-1.6276394232130422,-0.6450130355963339,0
0.5346290861224353,1.7827672555958076,-0.8682927318763665,0.7170839862685725,-0.7478127907993006,1
0.7318707042882956,1.9615492810377475,-0.3294477863470914,2.3024938828351695,-1.2921035969706993,1
-0.24149744587077882,2.4715786376849818,-0.2561797524953801,2.468539366196053,-0.7525041357606406,1
-0.8330560570007587,0.06591031346577136,-0.08059974929676088,2.3167905265352084,-3.102123556736612,1
-0.2950899142379063,-0.0646489285256513,-0.4173668136050844,0.8005048067138738,-1.0646828133518438,1
-0.18319661872038787,-1.255855970866635,0.6067230591361827,0.24966823391579174,-0.8964215265467552,0
1.3183023248526693,0.4726992161010328,-1.9093560875072928,-0.5005861964321535,-1.0141800971810269,1
-1.1952937635992447,1.0322165436405777,-0.07744346072599365,0.8801191256631808,1.3334634993756904,1
-0.1873290184063747,-0.1978264655230595,0.29219272832637316,-0.7900322322825957,-2.3507779006026515,0
-0.9096834169818336,1.2952546986800968,-0.031058932870901952,-0.16348480447083535,-1.2950256925379235,0
-1.1308884353259157,2.186693867741674,2.0565435648295414,0.9146387196050308,0.03763122686686682,1
1.063940987560856,1.3546256830435137,-1.7760117540484022,0.58219044579997,1.1353515554318339,1
0.9681846605328611,1.0763453436564132,0.570612997219531,1.1320183571840676,-0.8904668680118826,1
0.6170059495766975,-1.1939692759497786,1.0599363840466218,1.0084882746091504,-0.6296981734396988,0
-1.3354815690998914,-0.2534679335081933,0.5565531245337582,-0.6784545335074539,-1.0352088284982233,0
-0.2116669819311769,0.2215663898874105,-0.3301200939664503,1.7078643234119326,1.132944603179932,1
0.8936976893891109,0.9705710465391028,-1.1967886464263116,0.6627555198064917,0.733764679814255,1
-1.6065771007386793,-0.26707392743328917,-0.43676423723821745,2.3664620878696283,-0.7661284822792246,0
0.4794415180860639,0.8569534511203009,-0.061764199860128925,1.1623137095277036,-1.5264029755894364,1
-0.20298063739565708,1.6832529395984177,-1.3192471945987674,0.6999491189278422,0.04360775937415706,1
-1.5355721232071058,1.746723436719037,0.46926758980852623,0.5820232322651617,-0.3215405947899206,1
-0.9600462952794637,-1.1115200181081148,-1.6548874362282961,-1.0828559022482411,-1.0775229001192617,0
-1.1300693390403578,-0.3453074854088247,-0.41619440488525394,-0.604725786653335,0.9176578190910016,0
-2.205566057099069,0.6314862258231527,-0.6047446645382127,0.5110383750662024,-0.8149559234500653,1
1.1727568452674448,0.8510416004344472,-0.9046143749937661,1.2772383857965743,0.08427658561186924,1
-0.4242363333980435,0.26739580447844613,-0.04551224530124217,-0.8412088065553978,-2.317720270148575,0
0.3616610612470166,1.1411074507951027,0.5320061988219431,2.089727517935805,-0.6167310119514482,1
-1.3303136257389898,-1.3007250900879412,-0.8987840483231282,0.6070895046888907,-0.9621273719379697,0
-0.6176416769336966,1.244521544512389,2.2816518365388427,-0.36624087217656065,0.3031781532799416,1
0.15805348992013185,-1.3547410737908416,-0.3899237065594453,-1.075366623314899,-0.030088220274976596,0
0.26348721533105957,-0.3926393461194271,-0.5029747705513431,2.6599463991282413,0.940587451842531,0
1.3728484746765302,-0.819175926304788,-0.18039168176240783,1.0929543726825748,-1.3327110534517712,0
0.3614173172731029,-2.170872562961531,-0.7296024698074095,-1.3831335534611138,-1.0397551293915492,0
-0.6677795564688862,0.013039076362278745,-0.936506374789596,-0.6449349144731233,-1.1460855879555853,0
1.2748750412787222,0.7796382605232987,0.8970661968871322,1.6771533412576982,-1.6533686619617427,1
-1.0240285908863795,-0.5591438099546411,-1.6826586941226858,3.591309048168713,0.6899192989037825,1
-0.9242331442683044,-1.0982045874899278,-0.23040071420576733,0.9077101053272929,-0.2939192953114371,0
-0.6172531865469232,-1.1139650352587855,0.8389405004696122,1.0137600074382647,-0.4790896013032583,0
0.4373131870389607,1.75144673938944,-0.37231905293792283,-0.5263000443431849,1.859671210732373,1
-1.4485914146335441,1.6978890788539291,0.03823799496002834,1.2789486010863014,-0.6261934760325167,1
0.47543068252662346,0.6240437007252679,0.43477006455689116,1.277840921749792,0.693338579985685,1
0.8902475008365087,2.6794267605424307,-1.091933900395313,1.617789490703652,0.05135210727083628,1
1.6744924333475373,-1.4721826440689618,0.4577728661518858,0.4668117431476261,-0.7573696046366314,0
-1.3671378064602457,0.5863301933927192,0.46320629209912306,0.8038615986200008,-0.8530338669214419,1
0.38298898474092846,-1.9254362662720155,-0.38502181171286365,-1.4616668090312475,-2.3971367089310394,0
-0.21345677935043825,1.6054398557247271,-0.3270173176097711,1.8841306567575873,-1.0735883667587802,1
-0.14702542343084998,2.6249442528805105,-0.5501152829365389,1.2662665097899746,-0.10587391558787229,1
-0.29660745906979835,0.9509111821902672,-2.529560077694303,0.9582589695985541,-0.5786496368958902,1
0.8555556590207121,-2.561756825286696,-0.7068925679873489,-1.5048486217100496,-2.1193237694826688,0
-0.062191016999311004,-1.2003158598327546,0.5720574417141441,1.1698472979835104,0.5169807413647034,0
0.7215625051261435,-1.753947414233588,0.30381859560487573,0.04367849337531138,-0.7322177228462885,0
0.0036956718478473255,-0.24886377800038462,1.9625871905307948,1.3893724370342126,-2.0948403331621575,1
1.1539007342557472,-1.408634451404846,-0.41142660711600243,-1.1540698420341178,-0.6008915556189407,0
0.7597122954841684,-0.25269638168397646,-1.8179792253871547,-0.7870132021436465,-1.7890425840804942,0
0.9216501119244593,-1.1525704775739092,-0.1891203907770335,0.2178336940780874,-2.4480016598264864,0
1.3462257562027482,2.2870444816705158,0.46654531145012695,0.5639418626609973,0.6101293124447571,1
0.8347513263248821,2.0384003403143227,-1.0921636327180897,0.3394746870862564,-0.14592023853423775,1
0.7906255991627686,-1.093705923971941,-0.684629825760004,0.901664059348881,-1.0990849394633186,0
-1.3631740045928105,-0.21044049946830135,2.0243096232868525,1.9661285448132824,-1.461472062603503,0
0.2502002062516945,-0.3246658816467294,-0.3839712719523516,1.496278974019198,-2.210260883729913,0
1.4223698616985077,0.3525844518278163,-0.5975101946916416,1.986493108932681,-2.878230389150948,0
-0.8514064342603136,0.8055008172364216,-0.22979963057519381,1.2529238609023077,-1.5323022582933994,1
0.6686548047579066,-2.209714888997654,-0.1755639454992155,-1.326961886805939,-0.054213516476633083,0
-0.19050310599781134,-1.71167181529519,0.6404797952008238,-1.3583257744107164,-1.1763339884109154,0
1.0352493347237526,-1.6581382556219213,0.8901984111247868,-0.538917017910832,-2.4230166880429618,0
-0.463161362085399,-1.3054661159618761,1.2002617497388293,-1.0381305663276559,-1.4439033386199858,0
-0.5391227031489786,-1.6859762737297426,-0.6078752606758179,-1.0707907878524026,0.6039065373889616,0
-0.06418416128881928,0.1727339259597208,-0.3613105619672905,1.1837460687519512,3.279442686021577,1
0.7450053128772811,-0.29378415250376955,-0.7188323876087304,-0.6920571046030561,0.3064224123430528,0
-0.20661127969604665,-0.7787127545268202,-0.9627325652846123,-1.0000849007230874,-1.5603115359482747,0
-2.246889333984605,1.00573903106546,0.8484308822052846,1.4423177506517473,-1.4458418767036822,1
1.341475915530881,-1.4298260543569499,1.0114630354083562,1.0965951548488875,-2.816920799590494,1
1.6291663649009451,1.6227902041489715,-0.965664803523208,0.5548723485350819,0.33595942544532864,1
-1.5642416117110514,-1.8380429897235133,1.9764405845154855,0.7347183705763622,0.5247747183694633,0
-1.042044412243103,4.860977092089389,-1.2032008553891445,1.758593103018559,0.9862893805195134,1
-0.9878733409007492,0.038361731507300045,0.2837510236615011,1.2666994566337515,1.201113923252454,1
-0.7121738641760436,-1.5243491231210875,-0.7076258948220261,-1.0772816287886042,-0.030417556582321925,0
0.33802348110170816,-0.05598945056858029,1.2769653860881878,1.569142524182354,1.6019621318110562,1
-1.7073579575929467,-0.6503232949869575,-0.5358014630522978,1.448495792688056,-1.287897969683298,0
2.411676675578421,-0.8594575957835962,-1.1302037246739238,-0.7701333276946475,1.0739227771196864,0
-0.828497024780246,0.020595602942052427,-1.6009039784765156,2.0575426203970784,-1.6449452633186235,0
-0.8798143535020543,-0.26941128028716954,0.5628808601743548,0.5059268997790274,-1.784575039205299,1
-1.2390527025266425,0.21508842469796874,-0.10343122429028392,1.850278866088606,0.28583890396224476,1
-0.07595102364252276,-1.3641955579059726,0.9873345165891019,1.0987789021744694,0.11536800203713171,0
0.6927227551168594,0.13201565063903598,0.22526411724754952,-0.41162683403346567,0.5956047809434382,0
-1.6873443471107104,1.9647154087764613,-1.153332403205745,0.29965013240837335,0.6477953528172715,1
-0.42076179368105326,-0.11112271169077192,0.8868873900973003,2.505984479487213,-0.3067418620019219,0
0.43295982536069616,1.3211037875339988,2.4267164863455224,1.3259362143318403,-1.267115269163055,1
-0.22954865536034708,0.3644507542415536,-0.6039806259692295,-0.3190489493875409,0.5682565622356102,0
-0.181224173218103,-1.2482556093137462,0.7441919714999368,0.17086138079743873,-1.806067957988923,0
-0.6085897232397004,-2.2436430678371853,-0.8245141615276735,-1.4507662817399105,-0.21595258507193715,0
-0.39247110606087293,-1.780045946363136,-1.6394841625254342,-1.2823024900252067,-0.1100922640585208,0
0.3011073391917421,0.08960585845283797,-0.3596296724524624,1.6278215447729278,-1.9188264354139202,1
0.35561334878566,-2.4134989771477993,1.484116028535965,0.1278194925766446,1.079767196816928,0
-0.04347694981386243,0.7524021896733011,-0.22939074406802776,3.604743291786185,-0.9131786392666428,0
-1.2376624223272978,-0.9544141842097515,0.4822489526806572,1.3189663094594597,-0.1571103838128306,0
1.8296202017160872,1.1013058949648407,0.8929538701087693,1.020720547617784,1.3494759903609148,1
-0.3695269288333586,-0.6483272829081058,0.22530792204094158,1.1941651379305644,-1.4129713234498835,0
-0.6141225650083162,0.6943433015423808,0.1455211977682408,0.9911248463272435,1.9309197406986123,1
-0.9980606273144129,0.34112087886147124,1.0519476177229186,2.4625023963327917,-1.9743354323804285,0
-0.8610879101735704,4.049071132859425,0.4097627959594974,2.500456668091088,-0.06504967357332792,1
-1.0565576427602528,-0.9302649003348511,-0.5289777080640152,-0.8595857793086163,-0.24293423897380884,0
-0.6475418056351592,-0.7195653117564766,-0.3583401520212222,0.3886066940093066,-3.18673365134577,0
1.7025146581296056,0.18811453252387333,-1.2693304965466992,-0.5303324921099377,-0.6418207637105918,0
-0.4516594761596227,2.483016196651416,-0.0739475656083926,1.6349368735215513,-0.31590783766450814,1
0.8890371222798921,3.3459558661538535,2.2724347204468818,-1.6664219454147688,0.8281510923587451,1
-0.26764109089879357,-1.6850466478242372,0.47347189903522846,-1.3112683176378048,-0.6189270434649793,0
-1.3526702858435344,-0.924842052339099,-1.0293715081820716,0.8038117645084845,-1.4663765556249404,0
0.45838670355148425,-0.8036905774914971,-0.6373077470287948,-1.2437502797341504,-2.7638984162577795,0
0.08568716140335904,1.4530174215664775,-1.0138959522925377,0.11849628891877195,-0.03700635938082153,1
-0.08087849786546131,2.344948295798672,-0.09139955750911445,-0.32984309183340454,1.3852569535773371,1
0.1435879365051602,0.43865745117543,-1.9511018640386248,-0.39391327795686415,-0.7491535007493808,0
-0.33286040438251124,-0.9002574116101418,0.31745326125017514,-0.8997410830574896,-0.6610351076084954,0
0.1704637709965709,-1.1169996706834524,-0.34254920085776497,-0.8044485474047983,0.38153885497759843,0
-1.1780408673763807,1.0999101830800095,1.1834936668899279,-0.02321152462952858,1.9209173180979477,1
-0.8567720938267928,0.25306629014074633,1.7349365758368085,-0.5133464884822267,-1.3858543898207367,0
-0.09791524644290406,1.1182035910075412,0.5222506360177785,1.9654976009359582,0.47598834148757097,1
-0.8082657216409264,-1.5659500106524487,0.08531814256502405,0.0636932628863709,-1.346996537905806,0
0.14035986984804696,-3.0096222507239525,1.2005316584738726,-1.6751217976125703,0.10986563475983879,0
0.21539650545628794,-0.9317733765148031,0.7682072166317373,-0.8595119496122673,-1.1114811437075758,0
-1.060605066396601,2.1622775858898433,0.05225849049748321,0.5822895375457323,-0.658049889638695,1
0.7307641190665245,-0.9787381793710764,-1.2111719292807812,-0.020962574620855268,-3.2679713136508353,0
1.0581183250871502,0.6572485634002943,0.6386601686431024,1.8628324327887467,0.3016487162914955,1
-0.20931381957936157,-0.5562738159167409,0.6833289928110694,1.7154572825054188,-0.5965442507678371,0
-0.8866809222834573,-0.02907784430281224,-0.838585798447231,-0.467258603192116,-1.2207561468834538,0
-1.1376856704248166,0.7478334013655032,0.6515219913395057,0.721393629674579,-1.048457730959581,1
1.7246966497611085,-1.461205286464721,-2.0841129394985884,-1.5043474387579114,-2.3194418405575186,0
0.6979032725390276,0.4572052831954305,1.4033699701251907,0.4828764973770412,-1.1047824734092897,1
0.5530400858523584,-0.2422585370860123,0.7751554940347831,-0.9128149638297216,-2.530215456929782,0
0.2078025073533134,-0.737460981885163,0.8407344821295493,1.2224129394194574,2.9495459209052286,1
-1.2845842656999693,0.9351851687249736,-0.7170161491279362,1.4354249217041646,1.1270883544070966,1
-0.9263811299815384,-0.10803454387362388,0.47363207681145447,0.4484145587268663,-1.4534194274698513,1
1.5111549302473475,-2.878476527444923,-0.12754912037753421,-0.7555452862346574,0.6254354082195754,0
-0.15525904882474875,-0.96390392222397,0.33417641724489744,-1.1747020837964968,-1.8511262017325252,0
-1.0039573720814985,-0.8662399273893149,-0.9218598131253132,0.6642569211801257,-2.4673510464261534,0
-0.17435425790283585,-0.2636298496144531,-0.02355215087423812,1.4347657990191225,-2.4151044235107397,0
-0.5057467042619367,-1.4040505103016856,1.9541574337502863,1.159811868967198,-3.0375940062089777,1
-0.38852077518300926,-0.9690569815423256,-1.8697416996954206,-0.9999046071533838,-1.1898921801315945,0
0.1480894197982762,1.943094689836971,0.3676198402097109,-0.8184427091104032,1.2335697821302776,1
0.49774308909139425,-2.118348995744933,0.23007075919140207,-0.11477712952071428,0.19987887036644802,0
-1.3810446031537749,-0.630823120992244,-0.7859860326349823,1.7853287004271425,-0.3738260030820564,0
1.0715431522348857,-2.059391953177455,1.6999573745763805,-0.5785496666610577,-1.5658583924936473,1
1.8577023435377324,1.2558209931200066,1.4974316831796264,-0.2293929628733673,1.1306008039563726,1
0.03793783544760203,-1.571733332236465,-0.7632861041785816,0.6698012031362301,0.30773948380748806,0
0.31318447386498,0.8775719557746708,1.3286408282482312,-0.5390798609655756,-2.6685745624805532,0
-0.4872285641135523,-3.31945361938183,0.34767648353833636,-0.86205204374957,1.394199868452648,0
0.13906039865341766,0.45041305503838414,0.861636124497944,2.0197411215582357,0.6118856971998243,1
-0.0003136726117747121,1.5796794264839686,1.7611881248673737,-1.1941468918856701,2.509678899485656,1
-1.7762463334664518,-0.48562113754059055,-0.09546424708907303,0.17818997133345094,-1.2182257116144135,1
0.5885532697707198,-1.7829505135620598,-0.42924442029866183,0.14140089537015454,-0.47091063117721954,0
-0.5647740041709423,-1.7777790883740336,-1.3776175007542373,1.5499202110491255,-3.397033618859796,1
-0.8603850107795019,-1.720015183469799,-1.907807557877391,-1.4043206876347147,-1.4153960563103878,0
0.6021183203924835,-1.0336584410582685,1.5163940552535728,-0.7756945624879541,1.3361588578504042,0
-0.6520888885930607,-0.11714099775353937,-0.8476339286190848,0.5087532843282974,-0.9409202287027301,1
0.28872366282502326,-0.7802355510658995,0.7324921027798023,-0.8165410145255906,-1.82216837539975,0
-0.8767737812118448,-0.42856625475828647,1.2208212988130478,1.6760091086765927,3.183044230894722,1
-0.6256772874962124,1.4252820979892384,1.0964692338108837,1.813400612328004,-0.9173312780737993,1
-0.40439742318396127,-0.40982388839200246,2.271449745422796,2.3510883871604835,1.6979721209125163,1
0.19894814679649453,-1.7011355841643543,-2.6042138566271342,0.2791299368921747,-0.4272089459893512,0
-0.3748220566218061,-1.0501033020477082,-2.9069882193216414,-1.1850407829698448,-0.9838564672607043,0
-0.41361566562964275,0.2786573016766576,-0.38769991640856116,0.528158402212451,2.369249083674748,1
1.5730197252148563,1.6472205961019142,1.75547569831549,2.1676849470172934,-1.2946783284027414,1
0.5540577711159071,0.08210961647922599,0.07959786237603639,1.9283090454912326,1.4332689536165366,1
-0.752435237353035,-1.0019414050573072,-1.0022170189267248,-0.9104181111147406,-0.8627531906483725,0
-0.06100397185538355,0.5923146632360878,0.32297450361766816,1.4534502474135473,1.2590776777494268,1
1.987275999230808,-1.7520421632452017,-1.3683150388328105,-1.3609019899000918,-1.5776569821520727,0
0.07715649621771674,0.6754513230037724,0.4283166923752375,0.5898793230483939,2.19034874690408,1
0.2553837556743171,1.1891515037300215,-0.9254246260595873,-0.7519558993014086,0.44017417130210923,1
1.4313667818311835,0.24931003482606517,0.33385996656853467,0.9015404054224065,-1.413691762782145,1
0.05088770185601806,-0.3678682673996634,0.16476084123651674,1.3544365970842618,-1.4479309388054231,0
0.2522403964266774,-2.2027714314842304,0.09175248444837286,-1.5411754625964256,-0.9687021595972618,0
-0.5014021468856367,-1.795089119080564,-1.466785190615677,-1.04372858101135,0.4126335023387233,0
-1.3724655478841008,1.096114535289719,-0.501784192811532,0.3840435616188226,1.841938084208555,1
-0.2797601684958344,1.21395751661848,-0.2789629303318085,0.8473446081316298,-0.5416171751248322,1
0.2579759812211809,0.7759549032614195,-1.548960525053475,1.590582446562541,0.28694029497186446,1
-1.1119670257741636,1.1192042391203314,2.620793091029975,0.5311242717375636,-0.502839934546413,1
-0.4555395260238707,-0.6275665891336847,0.8691545924968965,-1.039638438016191,-2.3751605998353407,0
-1.5975991695954321,0.4700423676797648,-0.9245641143780999,1.899798873413496,2.610835558352764,1
1.5886269280435958,1.256111731961265,0.14098269961206,0.8858383937724914,0.6425334553377331,1
1.3883377782084478,-1.1630708757425037,-0.5262478565174211,-1.0194154382615364,-1.7627238567420722,0
-0.35667313417987123,1.2884149121446138,-0.18315047105329468,1.6954792805633245,0.27101653513966684,1
1.0613709648731335,-0.14188917441991133,1.1008213984226052,0.9454652074118703,3.682825689685231,1
-1.151014083619507,0.534913035952063,0.241321934916781,1.1105708688554337,-1.7903032627242221,1
0.5752050161065663,-1.4144854383865622,0.8903831635197862,-0.051512496455196954,-2.0332711272354027,0
-0.9186865114860944,-1.1765409203168464,0.5555126463422483,-0.13576553170660843,-1.8000859514458214,1
-0.5260348426675804,-0.7015336167041398,0.49201884799279927,1.1708442668490442,-1.6716765048455495,0
0.6464895377257707,-0.7160599182110947,0.2314459225255723,1.5317395641169482,2.5346411354972576,1
-1.0858251288851855,-1.3435385832842544,-1.0872459388628026,1.1433320239170697,0.34148171571675756,0
0.6952029000839993,-0.6151868305628792,1.3705361439967134,1.4284518020620285,1.9943034056341442,1
0.8132051867479773,1.1403018498511048,-1.2565068942792563,-0.4988073961572521,-0.09197773139782961,1
-0.8463159774657358,0.018811619275003633,1.2637066776546686,-0.5641938670052293,-0.05899079177973243,0
-0.06613261462582246,-1.090850893973628,-0.4367197360405955,1.1073412903246669,-0.3584749397979201,0
-0.9811655311396816,-0.14389563461959454,1.1941094030473725,2.0414197906091722,-1.2223894055866125,0
-1.0147594931858521,0.14766816091564472,2.0860470495371137,2.511083038156512,1.4412289389336201,1
0.7211353625455816,0.13405950721279003,0.8814075289235711,3.0819825997205585,-0.6765324268651554,1
1.2289805024890619,-1.8450858900349194,0.5348173363459102,-1.4823992243339326,-1.4416502697608833,0
0.681359510442948,-0.5318721820965782,-1.1022921498364233,-0.5262704794200673,0.9783683343016392,0
